{
  "version": 1,
  "author": "Baraa Eltayeb Adam Hassan",
  "editor": "wokwi",
  "parts": [
    { "type": "board-esp32-devkit-c-v4", "id": "esp", "top": 38.4, "left": 177.64, "attrs": {} },
    { "type": "wokwi-dht22", "id": "dht1", "top": -153.3, "left": 119.4, "attrs": {} },
    { "type": "wokwi-pir-motion-sensor", "id": "pir1", "top": -82.4, "left": -55.38, "attrs": {} },
    {
      "type": "wokwi-buzzer",
      "id": "bz1",
      "top": 50.4,
      "left": 30.6,
      "attrs": { "volume": "0.1" }
    },
    { "type": "wokwi-led", "id": "led1", "top": 92.4, "left": 330.2, "attrs": { "color": "red" } },
    {
      "type": "wokwi-resistor",
      "id": "r1",
      "top": 147.95,
      "left": 307.2,
      "attrs": { "value": "220" }
    }
  ],
  "connections": [
    [ "esp:TX", "$serialMonitor:RX", "", [] ],
    [ "esp:RX", "$serialMonitor:TX", "", [] ],
    [ "dht1:VCC", "esp:3V3", "red", [ "v38.4" ] ],
    [ "dht1:GND", "esp:GND.1", "black", [ "v163.2" ] ],
    [ "pir1:VCC", "esp:5V", "red", [ "v230.4", "h201.45" ] ],
    [ "pir1:OUT", "esp:27", "green", [ "h-0.14", "v153.6" ] ],
    [ "pir1:GND", "esp:GND.1", "black", [ "h-0.26", "v182.4" ] ],
    [ "bz1:1", "esp:26", "green", [ "v0" ] ],
    [ "bz1:2", "esp:GND.1", "green", [ "v0" ] ],
    [ "led1:C", "esp:GND.2", "green", [ "v0" ] ],
    [ "led1:A", "r1:1", "green", [ "v0" ] ],
    [ "r1:2", "esp:4", "green", [ "v0" ] ],
    [ "dht1:SDA", "esp:15", "green", [ "v9.6", "h153.7", "v172.8" ] ]
  ],
  "dependencies": {}
}